regions/Aeos Island/Aeos Island.webp
regions/Aeos Island/Comic/Aeos Island.webp
regions/Aeos Island/Remoat Stadium.webp
regions/Aeos Island/Stadiums/Remoat Stadium.webp
regions/Aeos Island/Stadiums/_Remoat Stadium/Remoat Stadium.webp
regions/Aeos Island/_Comic/Aeos Island.webp
regions/Almia 2.webp
regions/Almia.webp
regions/Almia/Almia 2.webp
regions/Almia/Almia.webp
regions/Almia/_Almia/Almia.webp
regions/Alola/Locations/Hau'oli City.webp
regions/Alola/Locations/Iki Town.webp
regions/Alola/Locations/Ultra Megalopolis.webp
regions/Alola/Poke_Pelago.webp
regions/Alola/SunMoon/Verylarge.webp
regions/Alola/_SunMoon/Verylarge.webp
regions/Blueberry Academy/Blueberry Academy.webp
regions/Blueberry Academy/Map/Blueberry Academy (Large).webp
regions/Blueberry Academy/Map/Blueberry Academy (Medium).webp
regions/Blueberry Academy/Map/Blueberry Academy (Small).webp
regions/Blueberry Academy/_Map/Blueberry Academy (Large).webp
regions/Blueberry Academy/_Map/Blueberry Academy (Medium).webp
regions/Blueberry Academy/_Map/Blueberry Academy (Small).webp
regions/Carmonte Island.webp
regions/Ferrum.webp
regions/Fiore/Fiore 2.webp
regions/Fiore/Fiore.webp
regions/Galar/Art.webp
regions/Galar/Crown Tundra.webp
regions/Galar/Isle Of Armor.webp
regions/Galar/Overmap.webp
regions/Hisui/Hisui.webp
regions/Hisui/Hisui2.webp
regions/Hisui/_Hisui 2/Hisui2.webp
regions/Hoenn/Hoenn 2.webp
regions/Hoenn/Hoenn.webp
regions/Hoenn/Locations/Mauville City.webp
regions/Hoenn/Locations/Slateport City & Mt Chimney.webp
regions/Hoenn/Locations/Wilderness.webp
regions/Johto/Locations/Mt Silver.webp
regions/Kalos/Kalos Clear.webp
regions/Kalos/Locations/Lumiose City 2.webp
regions/Kalos/lumiose 1.webp
regions/Kalos/lumiose 2.webp
regions/Kanto & Johto/Kanto & Johto.webp
regions/Kanto/Kanto (Go).webp
regions/Kitakami/Map/Kitakami (Large).webp
regions/Kitakami/Map/Kitakami (Medium).webp
regions/Kitakami/Map/Kitakami (Small).webp
regions/Kitakami/_Map/Kitakami (Large).webp
regions/Kitakami/_Map/Kitakami (Medium).webp
regions/Kitakami/_Map/Kitakami (Small).webp
regions/Lental.webp
regions/Lental/Lental.webp
regions/Mystery Dungeon/Air Continent (Rescue Team DX).webp
regions/Mystery Dungeon/Air Continent (Rescue Team).webp
regions/Mystery Dungeon/Air Continent - Baram Town.webp
regions/Mystery Dungeon/Air Continent - Pokemon Square.webp
regions/Mystery Dungeon/Air Continent Friend Area.webp
regions/Mystery Dungeon/Grass Continent - Blizzard Island (Future).webp
regions/Mystery Dungeon/Grass Continent - Hidden Land (Future).webp
regions/Mystery Dungeon/Grass Continent - Prairie.webp
regions/Mystery Dungeon/Grass Continent 2.webp
regions/Mystery Dungeon/Grass Continent.webp
regions/Mystery Dungeon/Mist Continent (Gates to Infinity) v2.webp
regions/Mystery Dungeon/Mist Continent (Gates to Infinity).webp
regions/Mystery Dungeon/Mist Continent - Post Town.webp
regions/Mystery Dungeon/Super Mystery Dungeon.webp
regions/Mystery Dungeon/Towns/Air Continent - Baram Town.webp
regions/Mystery Dungeon/Towns/Air Continent - Pokemon Square.webp
regions/Mystery Dungeon/Towns/Mist Continent - Post Town.webp
regions/Oblivia.webp
regions/Orange Islands.webp
regions/Orre/arrows-view.webp
regions/Orre/clean-view.webp
regions/Orre/map.webp
regions/Paldea/Map/Paldea (Large).webp
regions/Paldea/Map/Paldea (Medium).webp
regions/Paldea/Map/Paldea (Small).webp
regions/Paldea/_Map/Paldea (Large).webp
regions/Paldea/_Map/Paldea (Medium).webp
regions/Paldea/_Map/Paldea (Small).webp
regions/Pasio.webp
regions/Pokemon Island/Drawing (small).webp
regions/Pokemon Island/Pokemon Island 2.webp
regions/Pokemon Island/Pokemon Island.webp
regions/Pokemon Island/Texture.webp
regions/Poketopia/PokeTopia.webp
regions/Poketopia/View.webp
regions/Puzzle Village.webp
regions/Ransei.webp
regions/Sevii Islands/Sevii_Islands.webp
regions/Sevii Islands/Sevii_Islands_upscale.webp
regions/Sinnoh/Grand Underground.webp
regions/Sinnoh/Sinnoh Labelled.webp
regions/Sinnoh/Sinnoh Unlabelled.webp
regions/Sinnoh/_Sinnoh Labelled/Sinnoh Labelled.webp
regions/Tumblecube Island.webp
regions/Tumblecube Island/Map.webp
regions/Tumblecube Island/Tumblecube Island.webp
regions/Tumblecube Island/map-2.webp
regions/Unova/Unova BW cloudy.webp
regions/Unova/Unova BW.webp
regions/Unova/Unova BW2 Frosted.webp
regions/Unova/Unova BW2.webp

